{
  "model": "Qwen/Qwen3-0.6B",
  "ctx_lens": [
    65536
  ],
  "iters_prefill": 3,
  "warmup_prefill": 1,
  "iters_decode": 1,
  "warmup_decode": 1,
  "results": [
    {
      "name": "baseline",
      "patch_meta": {
        "method": "baseline"
      },
      "rows": [
        {
          "ctx_len": 65536,
          "prefill_median_ms": 179763.53125,
          "prefill_mean_ms": 174052.19270833334,
          "prefill_p95_ms": 191056.359375,
          "prefill_std_ms": 16710.82731679398,
          "decode_total_median_ms": 48227.38671875,
          "decode_total_p95_ms": 48227.38671875,
          "decode_tok_s_approx": 0.08294042601410263
        }
      ]
    },
    {
      "name": "attn_fixed_topk6_residual_gather_shared",
      "patch_meta": {
        "method": "adaptive_attention",
        "n_layers": 28,
        "targeted_layers": [
          0,
          1,
          2,
          3,
          4,
          5,
          6,
          7,
          8,
          9,
          10,
          11,
          12,
          13,
          14,
          15,
          16,
          17,
          18,
          19,
          20,
          21,
          22,
          23,
          24,
          25,
          26,
          27
        ],
        "block_size": 64,
        "top_k": 6,
        "mode": "residual_refine",
        "selector": "fixed_topk",
        "summary": "mean"
      },
      "rows": [
        {
          "ctx_len": 65536,
          "prefill_median_ms": 13825.7197265625,
          "prefill_mean_ms": 14175.255208333334,
          "prefill_p95_ms": 15103.48828125,
          "prefill_std_ms": 662.9938643937002,
          "decode_total_median_ms": 14199.8916015625,
          "decode_total_p95_ms": 14199.8916015625,
          "decode_tok_s_approx": 0.2816922911974804
        }
      ]
    },
    {
      "name": "attn_bound_screen_topk6_residual",
      "patch_meta": {
        "method": "adaptive_attention",
        "n_layers": 28,
        "targeted_layers": [
          0,
          1,
          2,
          3,
          4,
          5,
          6,
          7,
          8,
          9,
          10,
          11,
          12,
          13,
          14,
          15,
          16,
          17,
          18,
          19,
          20,
          21,
          22,
          23,
          24,
          25,
          26,
          27
        ],
        "block_size": 64,
        "top_k": 6,
        "mode": "residual_refine",
        "selector": "bound_screen",
        "summary": "mean"
      },
      "rows": [
        {
          "ctx_len": 65536,
          "prefill_median_ms": 13042.185546875,
          "prefill_mean_ms": 13072.113932291666,
          "prefill_p95_ms": 13199.935546875,
          "prefill_std_ms": 94.54656299943126,
          "decode_total_median_ms": 13027.1650390625,
          "decode_total_p95_ms": 13027.1650390625,
          "decode_tok_s_approx": 0.30705068892624243
        }
      ]
    }
  ],
  "torch_version": "2.10.0+rocm7.2.1.gitb6dec82d",
  "hip_version": "7.2.53211"
}