{
  "model": "Qwen/Qwen3-0.6B",
  "ctx_lens": [
    1024,
    2048,
    4096,
    8192
  ],
  "iters_prefill": 10,
  "warmup_prefill": 3,
  "iters_decode": 3,
  "warmup_decode": 1,
  "results": [
    {
      "name": "attn_fixed_topk6_residual_gather_shared",
      "patch_meta": {
        "method": "adaptive_attention",
        "n_layers": 28,
        "targeted_layers": [
          0,
          1,
          2,
          3,
          4,
          5,
          6,
          7,
          8,
          9,
          10,
          11,
          12,
          13,
          14,
          15,
          16,
          17,
          18,
          19,
          20,
          21,
          22,
          23,
          24,
          25,
          26,
          27
        ],
        "block_size": 64,
        "top_k": 6,
        "mode": "residual_refine",
        "selector": "fixed_topk",
        "summary": "mean"
      },
      "rows": [
        {
          "ctx_len": 1024,
          "prefill_median_ms": 294.45103454589844,
          "prefill_mean_ms": 290.89153442382815,
          "prefill_p95_ms": 303.38336181640625,
          "prefill_std_ms": 13.864435084125157,
          "decode_total_median_ms": 1407.338134765625,
          "decode_total_p95_ms": 1433.5042724609375,
          "decode_tok_s_approx": 11.368980634255749
        },
        {
          "ctx_len": 2048,
          "prefill_median_ms": 238.12462615966797,
          "prefill_mean_ms": 238.77429809570313,
          "prefill_p95_ms": 242.11672973632812,
          "prefill_std_ms": 1.9505809912619345,
          "decode_total_median_ms": 956.399169921875,
          "decode_total_p95_ms": 966.1708984375,
          "decode_tok_s_approx": 16.729416443666494
        },
        {
          "ctx_len": 4096,
          "prefill_median_ms": 516.2970886230469,
          "prefill_mean_ms": 515.9317138671875,
          "prefill_p95_ms": 516.717041015625,
          "prefill_std_ms": 0.9782820835210505,
          "decode_total_median_ms": 1382.052978515625,
          "decode_total_p95_ms": 1385.6531982421875,
          "decode_tok_s_approx": 11.576980223424272
        },
        {
          "ctx_len": 8192,
          "prefill_median_ms": 1155.5978393554688,
          "prefill_mean_ms": 1155.09775390625,
          "prefill_p95_ms": 1156.99853515625,
          "prefill_std_ms": 1.6101318142816847,
          "decode_total_median_ms": 1041.926513671875,
          "decode_total_p95_ms": 1043.80078125,
          "decode_tok_s_approx": 15.356169355566225
        }
      ]
    }
  ],
  "torch_version": "2.10.0+rocm7.2.1.gitb6dec82d",
  "hip_version": "7.2.53211"
}