selector,k,ppl
fixed_topk,4,13865.33
fixed_topk,5,5689.494082952564
fixed_topk,6,11.112698302369687
fixed_topk,8,11.112698302369687
bound_screen,4,217.75776474322672
bound_screen,5,33.04192545993039
bound_screen,6,11.104980417211063
bound_screen,8,11.085555851633133
