{
  "ctx_len": 2048,
  "block_size": 64,
  "top_k": 8,
  "delta": 1.0,
  "n_layers_probed": 28,
  "aggregate": {
    "slack_abs_mean": 46.5781570162092,
    "slack_abs_median": 44.5,
    "slack_abs_p95": 76.35267857142857,
    "slack_rel_mean": 109.00724611963544,
    "slack_rel_median": 9.86111284153802,
    "slack_rel_p95": 105.73603442737034,
    "bound_vs_topk_row_identical_mean": 0.2655388968331473,
    "bound_vs_topk_set_overlap_mean": 0.7082680293491909,
    "total_violations": 0
  },
  "per_layer": [
    {
      "ok": true,
      "Lq": 2048,
      "Lk": 2048,
      "Nb": 32,
      "n_cells": 540672,
      "slack_abs": {
        "mean": 310.61773681640625,
        "median": 314.0,
        "p95": 540.0,
        "p99": 628.0,
        "max": 796.0
      },
      "slack_rel": {
        "mean": 883.2742919921875,
        "median": 61.0461540222168,
        "p95": 780.9226684570312,
        "p99": 3999.502685546875
      },
      "violations": 0,
      "fixed_topk_vs_bound_screen": {
        "positionwise_equal_frac": 0.36574554443359375,
        "row_identical_frac": 0.254241943359375,
        "avg_set_overlap_frac": 0.6181221008300781
      },
      "layer_idx": 0
    },
    {
      "ok": true,
      "Lq": 2048,
      "Lk": 2048,
      "Nb": 32,
      "n_cells": 540672,
      "slack_abs": {
        "mean": 49.90582275390625,
        "median": 49.25,
        "p95": 70.0,
        "p99": 79.0,
        "max": 100.5
      },
      "slack_rel": {
        "mean": 44.1444091796875,
        "median": 8.0,
        "p95": 49.55897521972656,
        "p99": 246.32566833496094
      },
      "violations": 0,
      "fixed_topk_vs_bound_screen": {
        "positionwise_equal_frac": 0.47660064697265625,
        "row_identical_frac": 0.25543212890625,
        "avg_set_overlap_frac": 0.6992988586425781
      },
      "layer_idx": 1
    },
    {
      "ok": true,
      "Lq": 2048,
      "Lk": 2048,
      "Nb": 32,
      "n_cells": 540672,
      "slack_abs": {
        "mean": 67.322265625,
        "median": 63.5,
        "p95": 104.0,
        "p99": 118.5,
        "max": 210.0
      },
      "slack_rel": {
        "mean": 158.90493774414062,
        "median": 11.229813575744629,
        "p95": 67.17385864257812,
        "p99": 331.6437072753906
      },
      "violations": 0,
      "fixed_topk_vs_bound_screen": {
        "positionwise_equal_frac": 0.4406166076660156,
        "row_identical_frac": 0.258636474609375,
        "avg_set_overlap_frac": 0.6586990356445312
      },
      "layer_idx": 2
    },
    {
      "ok": true,
      "Lq": 2048,
      "Lk": 2048,
      "Nb": 32,
      "n_cells": 540672,
      "slack_abs": {
        "mean": 53.637306213378906,
        "median": 45.0,
        "p95": 93.0,
        "p99": 152.0,
        "max": 232.0
      },
      "slack_rel": {
        "mean": 151.3861083984375,
        "median": 10.951871871948242,
        "p95": 184.5718536376953,
        "p99": 918.1218872070312
      },
      "violations": 0,
      "fixed_topk_vs_bound_screen": {
        "positionwise_equal_frac": 0.47345733642578125,
        "row_identical_frac": 0.2615966796875,
        "avg_set_overlap_frac": 0.6711349487304688
      },
      "layer_idx": 3
    },
    {
      "ok": true,
      "Lq": 2048,
      "Lk": 2048,
      "Nb": 32,
      "n_cells": 540672,
      "slack_abs": {
        "mean": 54.97455978393555,
        "median": 50.5,
        "p95": 91.0,
        "p99": 128.0,
        "max": 169.0
      },
      "slack_rel": {
        "mean": 94.87885284423828,
        "median": 12.57861614227295,
        "p95": 131.45945739746094,
        "p99": 661.522705078125
      },
      "violations": 0,
      "fixed_topk_vs_bound_screen": {
        "positionwise_equal_frac": 0.5323753356933594,
        "row_identical_frac": 0.264129638671875,
        "avg_set_overlap_frac": 0.7049064636230469
      },
      "layer_idx": 4
    },
    {
      "ok": true,
      "Lq": 2048,
      "Lk": 2048,
      "Nb": 32,
      "n_cells": 540672,
      "slack_abs": {
        "mean": 78.48696899414062,
        "median": 69.0,
        "p95": 150.0,
        "p99": 266.0,
        "max": 408.0
      },
      "slack_rel": {
        "mean": 215.7223663330078,
        "median": 22.823530197143555,
        "p95": 250.53680419921875,
        "p99": 1252.0655517578125
      },
      "violations": 0,
      "fixed_topk_vs_bound_screen": {
        "positionwise_equal_frac": 0.5233573913574219,
        "row_identical_frac": 0.26141357421875,
        "avg_set_overlap_frac": 0.6994705200195312
      },
      "layer_idx": 5
    },
    {
      "ok": true,
      "Lq": 2048,
      "Lk": 2048,
      "Nb": 32,
      "n_cells": 540672,
      "slack_abs": {
        "mean": 52.96771240234375,
        "median": 46.0,
        "p95": 101.0,
        "p99": 115.0,
        "max": 168.0
      },
      "slack_rel": {
        "mean": 131.35211181640625,
        "median": 5.666666507720947,
        "p95": 51.20000076293945,
        "p99": 257.4272155761719
      },
      "violations": 0,
      "fixed_topk_vs_bound_screen": {
        "positionwise_equal_frac": 0.5089836120605469,
        "row_identical_frac": 0.265838623046875,
        "avg_set_overlap_frac": 0.7163658142089844
      },
      "layer_idx": 6
    },
    {
      "ok": true,
      "Lq": 2048,
      "Lk": 2048,
      "Nb": 32,
      "n_cells": 540672,
      "slack_abs": {
        "mean": 39.07826232910156,
        "median": 36.5,
        "p95": 55.25,
        "p99": 111.5,
        "max": 159.0
      },
      "slack_rel": {
        "mean": 70.38532257080078,
        "median": 9.158620834350586,
        "p95": 81.33333587646484,
        "p99": 409.2925720214844
      },
      "violations": 0,
      "fixed_topk_vs_bound_screen": {
        "positionwise_equal_frac": 0.4789695739746094,
        "row_identical_frac": 0.261138916015625,
        "avg_set_overlap_frac": 0.6715736389160156
      },
      "layer_idx": 7
    },
    {
      "ok": true,
      "Lq": 2048,
      "Lk": 2048,
      "Nb": 32,
      "n_cells": 540672,
      "slack_abs": {
        "mean": 30.01441764831543,
        "median": 30.125,
        "p95": 44.25,
        "p99": 50.5,
        "max": 68.0
      },
      "slack_rel": {
        "mean": 114.01957702636719,
        "median": 6.065359592437744,
        "p95": 74.18441009521484,
        "p99": 364.2117919921875
      },
      "violations": 0,
      "fixed_topk_vs_bound_screen": {
        "positionwise_equal_frac": 0.4438362121582031,
        "row_identical_frac": 0.25897216796875,
        "avg_set_overlap_frac": 0.651336669921875
      },
      "layer_idx": 8
    },
    {
      "ok": true,
      "Lq": 2048,
      "Lk": 2048,
      "Nb": 32,
      "n_cells": 540672,
      "slack_abs": {
        "mean": 42.08453369140625,
        "median": 39.75,
        "p95": 66.5,
        "p99": 85.0,
        "max": 143.0
      },
      "slack_rel": {
        "mean": 59.05337142944336,
        "median": 8.056737899780273,
        "p95": 59.39284896850586,
        "p99": 280.9033203125
      },
      "violations": 0,
      "fixed_topk_vs_bound_screen": {
        "positionwise_equal_frac": 0.4866676330566406,
        "row_identical_frac": 0.25689697265625,
        "avg_set_overlap_frac": 0.6904983520507812
      },
      "layer_idx": 9
    },
    {
      "ok": true,
      "Lq": 2048,
      "Lk": 2048,
      "Nb": 32,
      "n_cells": 540672,
      "slack_abs": {
        "mean": 68.62904357910156,
        "median": 66.5,
        "p95": 109.0,
        "p99": 124.5,
        "max": 186.0
      },
      "slack_rel": {
        "mean": 300.09271240234375,
        "median": 29.230770111083984,
        "p95": 343.4258728027344,
        "p99": 1734.088623046875
      },
      "violations": 0,
      "fixed_topk_vs_bound_screen": {
        "positionwise_equal_frac": 0.4937286376953125,
        "row_identical_frac": 0.257965087890625,
        "avg_set_overlap_frac": 0.6796913146972656
      },
      "layer_idx": 10
    },
    {
      "ok": true,
      "Lq": 2048,