{
  "ctx_len": 16384,
  "block_size": 64,
  "top_k": 6,
  "delta": 1.0,
  "n_layers_probed": 28,
  "aggregate": {
    "slack_abs_mean": 44.43577255521502,
    "slack_abs_median": 43.060267857142854,
    "slack_abs_p95": 72.24553571428571,
    "slack_rel_mean": 103.18016242980957,
    "slack_rel_median": 10.938272408076696,
    "slack_rel_p95": 127.27757821764264,
    "bound_vs_topk_row_identical_mean": 0.027309553963797435,
    "bound_vs_topk_set_overlap_mean": 0.3988786382334573,
    "total_violations": 0
  },
  "per_layer": [
    {
      "ok": true,
      "Lq": 16384,
      "Lk": 16384,
      "Nb": 256,
      "n_cells": 33685504,
      "slack_abs": {
        "mean": 309.4061584472656,
        "median": 314.0,
        "p95": 536.0,
        "p99": 624.0,
        "max": 796.0
      },
      "slack_rel": {
        "mean": 810.9972534179688,
        "median": 84.55046081542969,
        "p95": 997.1702880859375,
        "p99": 4933.818359375
      },
      "violations": 0,
      "fixed_topk_vs_bound_screen": {
        "positionwise_equal_frac": 0.07442665100097656,
        "row_identical_frac": 0.023929595947265625,
        "avg_set_overlap_frac": 0.2105325162410736
      },
      "layer_idx": 0
    },
    {
      "ok": true,
      "Lq": 16384,
      "Lk": 16384,
      "Nb": 256,
      "n_cells": 33685504,
      "slack_abs": {
        "mean": 50.00654220581055,
        "median": 49.5,
        "p95": 70.0,
        "p99": 78.5,
        "max": 95.5
      },
      "slack_rel": {
        "mean": 101.14607238769531,
        "median": 12.182741165161133,
        "p95": 130.46153259277344,
        "p99": 651.6363525390625
      },
      "violations": 0,
      "fixed_topk_vs_bound_screen": {
        "positionwise_equal_frac": 0.22584152221679688,
        "row_identical_frac": 0.026348114013671875,
        "avg_set_overlap_frac": 0.4495442807674408
      },
      "layer_idx": 1
    },
    {
      "ok": true,
      "Lq": 16384,
      "Lk": 16384,
      "Nb": 256,
      "n_cells": 33685504,
      "slack_abs": {
        "mean": 65.89532470703125,
        "median": 63.0,
        "p95": 102.0,
        "p99": 114.0,
        "max": 210.0
      },
      "slack_rel": {
        "mean": 184.3895263671875,
        "median": 18.865671157836914,
        "p95": 229.47747802734375,
        "p99": 1149.6441650390625
      },
      "violations": 0,
      "fixed_topk_vs_bound_screen": {
        "positionwise_equal_frac": 0.22061412036418915,
        "row_identical_frac": 0.026348114013671875,
        "avg_set_overlap_frac": 0.3988170921802521
      },
      "layer_idx": 2
    },
    {
      "ok": true,
      "Lq": 16384,
      "Lk": 16384,
      "Nb": 256,
      "n_cells": 33685504,
      "slack_abs": {
        "mean": 48.79059982299805,
        "median": 42.25,
        "p95": 81.5,
        "p99": 90.0,
        "max": 216.0
      },
      "slack_rel": {
        "mean": 48.675537109375,
        "median": 8.114285469055176,
        "p95": 63.7064208984375,
        "p99": 309.0962829589844
      },
      "violations": 0,
      "fixed_topk_vs_bound_screen": {
        "positionwise_equal_frac": 0.1812032163143158,
        "row_identical_frac": 0.0246124267578125,
        "avg_set_overlap_frac": 0.3551165461540222
      },
      "layer_idx": 3
    },
    {
      "ok": true,
      "Lq": 16384,
      "Lk": 16384,
      "Nb": 256,
      "n_cells": 33685504,
      "slack_abs": {
        "mean": 50.444820404052734,
        "median": 48.0,
        "p95": 81.0,
        "p99": 93.5,
        "max": 169.0
      },
      "slack_rel": {
        "mean": 66.49691009521484,
        "median": 8.89411735534668,
        "p95": 94.59119415283203,
        "p99": 463.058837890625
      },
      "violations": 0,
      "fixed_topk_vs_bound_screen": {
        "positionwise_equal_frac": 0.26115545630455017,
        "row_identical_frac": 0.0273590087890625,
        "avg_set_overlap_frac": 0.42155778408050537
      },
      "layer_idx": 4
    },
    {
      "ok": true,
      "Lq": 16384,
      "Lk": 16384,
      "Nb": 256,
      "n_cells": 33685504,
      "slack_abs": {
        "mean": 62.17576599121094,
        "median": 58.5,
        "p95": 110.0,
        "p99": 129.0,
        "max": 384.0
      },
      "slack_rel": {
        "mean": 81.65206909179688,
        "median": 8.674698829650879,
        "p95": 91.04762268066406,
        "p99": 449.56097412109375
      },
      "violations": 0,
      "fixed_topk_vs_bound_screen": {
        "positionwise_equal_frac": 0.2699127197265625,
        "row_identical_frac": 0.026454925537109375,
        "avg_set_overlap_frac": 0.4833037257194519
      },
      "layer_idx": 5
    },
    {
      "ok": true,
      "Lq": 16384,
      "Lk": 16384,
      "Nb": 256,
      "n_cells": 33685504,
      "slack_abs": {
        "mean": 49.98828125,
        "median": 44.0,
        "p95": 99.0,
        "p99": 111.0,
        "max": 168.0
      },
      "slack_rel": {
        "mean": 50.33195495605469,
        "median": 6.5408806800842285,
        "p95": 73.89690399169922,
        "p99": 372.3636474609375
      },
      "violations": 0,
      "fixed_topk_vs_bound_screen": {
        "positionwise_equal_frac": 0.20518812537193298,
        "row_identical_frac": 0.025608062744140625,
        "avg_set_overlap_frac": 0.3993937373161316
      },
      "layer_idx": 6
    },
    {
      "ok": true,
      "Lq": 16384,
      "Lk": 16384,
      "Nb": 256,
      "n_cells": 33685504,
      "slack_abs": {
        "mean": 34.79178237915039,
        "median": 34.0,
        "p95": 47.25,
        "p99": 53.0,
        "max": 151.0
      },
      "slack_rel": {
        "mean": 55.13106918334961,
        "median": 6.06315803527832,
        "p95": 71.46012115478516,
        "p99": 361.5135192871094
      },
      "violations": 0,
      "fixed_topk_vs_bound_screen": {
        "positionwise_equal_frac": 0.2320168912410736,
        "row_identical_frac": 0.02547454833984375,
        "avg_set_overlap_frac": 0.45872563123703003
      },
      "layer_idx": 7
    },
    {
      "ok": true,
      "Lq": 16384,
      "Lk": 16384,
      "Nb": 256,
      "n_cells": 33685504,
      "slack_abs": {
        "mean": 28.243106842041016,
        "median": 28.0,
        "p95": 42.25,
        "p99": 46.5,
        "max": 68.0
      },
      "slack_rel": {
        "mean": 121.00711059570312,
        "median": 10.873785972595215,
        "p95": 136.47682189941406,
        "p99": 679.64599609375
      },
      "violations": 0,
      "fixed_topk_vs_bound_screen": {
        "positionwise_equal_frac": 0.15300814807415009,
        "row_identical_frac": 0.0250701904296875,
        "avg_set_overlap_frac": 0.35970306396484375
      },
      "layer_idx": 8
    },
    {
      "ok": true,
      "Lq": 16384,
      "Lk": 16384,
      "Nb": 256,
      "n_cells": 33685504,
      "slack_abs": {
        "mean": 40.86764907836914,
        "median": 38.5,
        "p95": 66.5,
        "p99": 79.5,
        "max": 143.0
      },
      "slack_rel": {
        "mean": 92.91388702392578,
        "median": 9.176470756530762,
        "p95": 131.8095245361328,
        "p99": 664.7958374023438
      },
      "violations": 0,
      "fixed_topk_vs_bound_screen": {
        "positionwise_equal_frac": 0.12273725122213364,
        "row_identical_frac": 0.02468109130859375,
        "avg_set_overlap_frac": 0.296740859746933
      },
      "layer_idx": 9
    },
    {
      "ok": true,
      "Lq": 16384,
      "Lk": 16384,
      "Nb": 256,
      "n_cells": 33685504,
      "slack_abs": {
        "mean": 63.46118927001953,
        "median": 61.75,
        "p95": 100.0,
        "p99": 113.5,
        "max": 186.0
      },
      "slack_rel": {
        "mean": 151.0738983154297,
        "median": 17.201581954956055,
        "p95": 171.3082733154297,
        "p99": 854.3432006835938
      },
      "violations": 0,
      "fixed_topk_vs_bound_screen": {
        "positionwise_equal_frac": 0.09974543750286102,
        "row_identical_frac": 0.02523040771484375,