{
  "ctx_len": 2048,
  "block_size": 64,
  "top_k": 4,
  "delta": 1.0,
  "n_layers_probed": 28,
  "aggregate": {
    "slack_abs_mean": 46.5781570162092,
    "slack_abs_median": 44.5,
    "slack_abs_p95": 76.35267857142857,
    "slack_rel_mean": 109.00724611963544,
    "slack_rel_median": 9.86111284153802,
    "slack_rel_p95": 105.73603442737034,
    "bound_vs_topk_row_identical_mean": 0.15381949288504465,
    "bound_vs_topk_set_overlap_mean": 0.5480837140764508,
    "total_violations": 0
  },
  "per_layer": [
    {
      "ok": true,
      "Lq": 2048,
      "Lk": 2048,
      "Nb": 32,
      "n_cells": 540672,
      "slack_abs": {
        "mean": 310.61773681640625,
        "median": 314.0,
        "p95": 540.0,
        "p99": 628.0,
        "max": 796.0
      },
      "slack_rel": {
        "mean": 883.2742919921875,
        "median": 61.0461540222168,
        "p95": 780.9226684570312,
        "p99": 3999.502685546875
      },
      "violations": 0,
      "fixed_topk_vs_bound_screen": {
        "positionwise_equal_frac": 0.24835968017578125,
        "row_identical_frac": 0.133270263671875,
        "avg_set_overlap_frac": 0.42536163330078125
      },
      "layer_idx": 0
    },
    {
      "ok": true,
      "Lq": 2048,
      "Lk": 2048,
      "Nb": 32,
      "n_cells": 540672,
      "slack_abs": {
        "mean": 49.90582275390625,
        "median": 49.25,
        "p95": 70.0,
        "p99": 79.0,
        "max": 100.5
      },
      "slack_rel": {
        "mean": 44.1444091796875,
        "median": 8.0,
        "p95": 49.55897521972656,
        "p99": 246.32566833496094
      },
      "violations": 0,
      "fixed_topk_vs_bound_screen": {
        "positionwise_equal_frac": 0.39261627197265625,
        "row_identical_frac": 0.157806396484375,
        "avg_set_overlap_frac": 0.5689544677734375
      },
      "layer_idx": 1
    },
    {
      "ok": true,
      "Lq": 2048,
      "Lk": 2048,
      "Nb": 32,
      "n_cells": 540672,
      "slack_abs": {
        "mean": 67.322265625,
        "median": 63.5,
        "p95": 104.0,
        "p99": 118.5,
        "max": 210.0
      },
      "slack_rel": {
        "mean": 158.90493774414062,
        "median": 11.229813575744629,
        "p95": 67.17385864257812,
        "p99": 331.6437072753906
      },
      "violations": 0,
      "fixed_topk_vs_bound_screen": {
        "positionwise_equal_frac": 0.34828948974609375,
        "row_identical_frac": 0.14178466796875,
        "avg_set_overlap_frac": 0.512298583984375
      },
      "layer_idx": 2
    },
    {
      "ok": true,
      "Lq": 2048,
      "Lk": 2048,
      "Nb": 32,
      "n_cells": 540672,
      "slack_abs": {
        "mean": 53.637306213378906,
        "median": 45.0,
        "p95": 93.0,
        "p99": 152.0,
        "max": 232.0
      },
      "slack_rel": {
        "mean": 151.3861083984375,
        "median": 10.951871871948242,
        "p95": 184.5718536376953,
        "p99": 918.1218872070312
      },
      "violations": 0,
      "fixed_topk_vs_bound_screen": {
        "positionwise_equal_frac": 0.35845947265625,
        "row_identical_frac": 0.13983154296875,
        "avg_set_overlap_frac": 0.49932861328125
      },
      "layer_idx": 3
    },
    {
      "ok": true,
      "Lq": 2048,
      "Lk": 2048,
      "Nb": 32,
      "n_cells": 540672,
      "slack_abs": {
        "mean": 54.97455978393555,
        "median": 50.5,
        "p95": 91.0,
        "p99": 128.0,
        "max": 169.0
      },
      "slack_rel": {
        "mean": 94.87885284423828,
        "median": 12.57861614227295,
        "p95": 131.45945739746094,
        "p99": 661.522705078125
      },
      "violations": 0,
      "fixed_topk_vs_bound_screen": {
        "positionwise_equal_frac": 0.43170166015625,
        "row_identical_frac": 0.143341064453125,
        "avg_set_overlap_frac": 0.5699310302734375
      },
      "layer_idx": 4
    },
    {
      "ok": true,
      "Lq": 2048,
      "Lk": 2048,
      "Nb": 32,
      "n_cells": 540672,
      "slack_abs": {
        "mean": 78.48696899414062,
        "median": 69.0,
        "p95": 150.0,
        "p99": 266.0,
        "max": 408.0
      },
      "slack_rel": {
        "mean": 215.7223663330078,
        "median": 22.823530197143555,
        "p95": 250.53680419921875,
        "p99": 1252.0655517578125
      },
      "violations": 0,
      "fixed_topk_vs_bound_screen": {
        "positionwise_equal_frac": 0.38549041748046875,
        "row_identical_frac": 0.14385986328125,
        "avg_set_overlap_frac": 0.516082763671875
      },
      "layer_idx": 5
    },
    {
      "ok": true,
      "Lq": 2048,
      "Lk": 2048,
      "Nb": 32,
      "n_cells": 540672,
      "slack_abs": {
        "mean": 52.96771240234375,
        "median": 46.0,
        "p95": 101.0,
        "p99": 115.0,
        "max": 168.0
      },
      "slack_rel": {
        "mean": 131.35211181640625,
        "median": 5.666666507720947,
        "p95": 51.20000076293945,
        "p99": 257.4272155761719
      },
      "violations": 0,
      "fixed_topk_vs_bound_screen": {
        "positionwise_equal_frac": 0.40816497802734375,
        "row_identical_frac": 0.1497802734375,
        "avg_set_overlap_frac": 0.5663604736328125
      },
      "layer_idx": 6
    },
    {
      "ok": true,
      "Lq": 2048,
      "Lk": 2048,
      "Nb": 32,
      "n_cells": 540672,
      "slack_abs": {
        "mean": 39.07826232910156,
        "median": 36.5,
        "p95": 55.25,
        "p99": 111.5,
        "max": 159.0
      },
      "slack_rel": {
        "mean": 70.38532257080078,
        "median": 9.158620834350586,
        "p95": 81.33333587646484,
        "p99": 409.2925720214844
      },
      "violations": 0,
      "fixed_topk_vs_bound_screen": {
        "positionwise_equal_frac": 0.371307373046875,
        "row_identical_frac": 0.14276123046875,
        "avg_set_overlap_frac": 0.5150299072265625
      },
      "layer_idx": 7
    },
    {
      "ok": true,
      "Lq": 2048,
      "Lk": 2048,
      "Nb": 32,
      "n_cells": 540672,
      "slack_abs": {
        "mean": 30.01441764831543,
        "median": 30.125,
        "p95": 44.25,
        "p99": 50.5,
        "max": 68.0
      },
      "slack_rel": {
        "mean": 114.01957702636719,
        "median": 6.065359592437744,
        "p95": 74.18441009521484,
        "p99": 364.2117919921875
      },
      "violations": 0,
      "fixed_topk_vs_bound_screen": {
        "positionwise_equal_frac": 0.31407928466796875,
        "row_identical_frac": 0.138885498046875,
        "avg_set_overlap_frac": 0.4557342529296875
      },
      "layer_idx": 8
    },
    {
      "ok": true,
      "Lq": 2048,
      "Lk": 2048,
      "Nb": 32,
      "n_cells": 540672,
      "slack_abs": {
        "mean": 42.08453369140625,
        "median": 39.75,
        "p95": 66.5,
        "p99": 85.0,
        "max": 143.0
      },
      "slack_rel": {
        "mean": 59.05337142944336,
        "median": 8.056737899780273,
        "p95": 59.39284896850586,
        "p99": 280.9033203125
      },
      "violations": 0,
      "fixed_topk_vs_bound_screen": {
        "positionwise_equal_frac": 0.36627197265625,
        "row_identical_frac": 0.142303466796875,
        "avg_set_overlap_frac": 0.5110626220703125
      },
      "layer_idx": 9
    },
    {
      "ok": true,
      "Lq": 2048,
      "Lk": 2048,
      "Nb": 32,
      "n_cells": 540672,
      "slack_abs": {
        "mean": 68.62904357910156,
        "median": 66.5,
        "p95": 109.0,
        "p99": 124.5,
        "max": 186.0
      },
      "slack_rel": {
        "mean": 300.09271240234375,
        "median": 29.230770111083984,
        "p95": 343.4258728027344,
        "p99": 1734.088623046875
      },
      "violations": 0,
      "fixed_topk_vs_bound_screen": {
        "positionwise_equal_frac": 0.33989715576171875,
        "row_identical_frac": 0.13494873046875,
        "avg_set_overlap_frac": 0.49317169189453125
      },
      "layer_idx": 10
    },
    {
      "ok": true,
      "Lq": 2048,
      "Lk": 2048,