{
  "ctx_len": 2048,
  "block_size": 64,
  "top_k": 6,
  "delta": 1.0,
  "n_layers_probed": 28,
  "aggregate": {
    "slack_abs_mean": 46.5781570162092,
    "slack_abs_median": 44.5,
    "slack_abs_p95": 76.35267857142857,
    "slack_rel_mean": 109.00724611963544,
    "slack_rel_median": 9.86111284153802,
    "slack_rel_p95": 105.73603442737034,
    "bound_vs_topk_row_identical_mean": 0.2073789324079241,
    "bound_vs_topk_set_overlap_mean": 0.6392700629574912,
    "total_violations": 0
  },
  "per_layer": [
    {
      "ok": true,
      "Lq": 2048,
      "Lk": 2048,
      "Nb": 32,
      "n_cells": 540672,
      "slack_abs": {
        "mean": 310.61773681640625,
        "median": 314.0,
        "p95": 540.0,
        "p99": 628.0,
        "max": 796.0
      },
      "slack_rel": {
        "mean": 883.2742919921875,
        "median": 61.0461540222168,
        "p95": 780.9226684570312,
        "p99": 3999.502685546875
      },
      "violations": 0,
      "fixed_topk_vs_bound_screen": {
        "positionwise_equal_frac": 0.3066508173942566,
        "row_identical_frac": 0.191436767578125,
        "avg_set_overlap_frac": 0.5346629023551941
      },
      "layer_idx": 0
    },
    {
      "ok": true,
      "Lq": 2048,
      "Lk": 2048,
      "Nb": 32,
      "n_cells": 540672,
      "slack_abs": {
        "mean": 49.90582275390625,
        "median": 49.25,
        "p95": 70.0,
        "p99": 79.0,
        "max": 100.5
      },
      "slack_rel": {
        "mean": 44.1444091796875,
        "median": 8.0,
        "p95": 49.55897521972656,
        "p99": 246.32566833496094
      },
      "violations": 0,
      "fixed_topk_vs_bound_screen": {
        "positionwise_equal_frac": 0.4267018735408783,
        "row_identical_frac": 0.198028564453125,
        "avg_set_overlap_frac": 0.6373748779296875
      },
      "layer_idx": 1
    },
    {
      "ok": true,
      "Lq": 2048,
      "Lk": 2048,
      "Nb": 32,
      "n_cells": 540672,
      "slack_abs": {
        "mean": 67.322265625,
        "median": 63.5,
        "p95": 104.0,
        "p99": 118.5,
        "max": 210.0
      },
      "slack_rel": {
        "mean": 158.90493774414062,
        "median": 11.229813575744629,
        "p95": 67.17385864257812,
        "p99": 331.6437072753906
      },
      "violations": 0,
      "fixed_topk_vs_bound_screen": {
        "positionwise_equal_frac": 0.3905741572380066,
        "row_identical_frac": 0.196197509765625,
        "avg_set_overlap_frac": 0.591705322265625
      },
      "layer_idx": 2
    },
    {
      "ok": true,
      "Lq": 2048,
      "Lk": 2048,
      "Nb": 32,
      "n_cells": 540672,
      "slack_abs": {
        "mean": 53.637306213378906,
        "median": 45.0,
        "p95": 93.0,
        "p99": 152.0,
        "max": 232.0
      },
      "slack_rel": {
        "mean": 151.3861083984375,
        "median": 10.951871871948242,
        "p95": 184.5718536376953,
        "p99": 918.1218872070312
      },
      "violations": 0,
      "fixed_topk_vs_bound_screen": {
        "positionwise_equal_frac": 0.4221903681755066,
        "row_identical_frac": 0.196868896484375,
        "avg_set_overlap_frac": 0.59173583984375
      },
      "layer_idx": 3
    },
    {
      "ok": true,
      "Lq": 2048,
      "Lk": 2048,
      "Nb": 32,
      "n_cells": 540672,
      "slack_abs": {
        "mean": 54.97455978393555,
        "median": 50.5,
        "p95": 91.0,
        "p99": 128.0,
        "max": 169.0
      },
      "slack_rel": {
        "mean": 94.87885284423828,
        "median": 12.57861614227295,
        "p95": 131.45945739746094,
        "p99": 661.522705078125
      },
      "violations": 0,
      "fixed_topk_vs_bound_screen": {
        "positionwise_equal_frac": 0.501861572265625,
        "row_identical_frac": 0.2166748046875,
        "avg_set_overlap_frac": 0.6493581533432007
      },
      "layer_idx": 4
    },
    {
      "ok": true,
      "Lq": 2048,
      "Lk": 2048,
      "Nb": 32,
      "n_cells": 540672,
      "slack_abs": {
        "mean": 78.48696899414062,
        "median": 69.0,
        "p95": 150.0,
        "p99": 266.0,
        "max": 408.0
      },
      "slack_rel": {
        "mean": 215.7223663330078,
        "median": 22.823530197143555,
        "p95": 250.53680419921875,
        "p99": 1252.0655517578125
      },
      "violations": 0,
      "fixed_topk_vs_bound_screen": {
        "positionwise_equal_frac": 0.4627024531364441,
        "row_identical_frac": 0.211517333984375,
        "avg_set_overlap_frac": 0.6271210312843323
      },
      "layer_idx": 5
    },
    {
      "ok": true,
      "Lq": 2048,
      "Lk": 2048,
      "Nb": 32,
      "n_cells": 540672,
      "slack_abs": {
        "mean": 52.96771240234375,
        "median": 46.0,
        "p95": 101.0,
        "p99": 115.0,
        "max": 168.0
      },
      "slack_rel": {
        "mean": 131.35211181640625,
        "median": 5.666666507720947,
        "p95": 51.20000076293945,
        "p99": 257.4272155761719
      },
      "violations": 0,
      "fixed_topk_vs_bound_screen": {
        "positionwise_equal_frac": 0.4619852900505066,
        "row_identical_frac": 0.2047119140625,
        "avg_set_overlap_frac": 0.6540731191635132
      },
      "layer_idx": 6
    },
    {
      "ok": true,
      "Lq": 2048,
      "Lk": 2048,
      "Nb": 32,
      "n_cells": 540672,
      "slack_abs": {
        "mean": 39.07826232910156,
        "median": 36.5,
        "p95": 55.25,
        "p99": 111.5,
        "max": 159.0
      },
      "slack_rel": {
        "mean": 70.38532257080078,
        "median": 9.158620834350586,
        "p95": 81.33333587646484,
        "p99": 409.2925720214844
      },
      "violations": 0,
      "fixed_topk_vs_bound_screen": {
        "positionwise_equal_frac": 0.4221649169921875,
        "row_identical_frac": 0.20330810546875,
        "avg_set_overlap_frac": 0.599151611328125
      },
      "layer_idx": 7
    },
    {
      "ok": true,
      "Lq": 2048,
      "Lk": 2048,
      "Nb": 32,
      "n_cells": 540672,
      "slack_abs": {
        "mean": 30.01441764831543,
        "median": 30.125,
        "p95": 44.25,
        "p99": 50.5,
        "max": 68.0
      },
      "slack_rel": {
        "mean": 114.01957702636719,
        "median": 6.065359592437744,
        "p95": 74.18441009521484,
        "p99": 364.2117919921875
      },
      "violations": 0,
      "fixed_topk_vs_bound_screen": {
        "positionwise_equal_frac": 0.3830973505973816,
        "row_identical_frac": 0.200439453125,
        "avg_set_overlap_frac": 0.5680389404296875
      },
      "layer_idx": 8
    },
    {
      "ok": true,
      "Lq": 2048,
      "Lk": 2048,
      "Nb": 32,
      "n_cells": 540672,
      "slack_abs": {
        "mean": 42.08453369140625,
        "median": 39.75,
        "p95": 66.5,
        "p99": 85.0,
        "max": 143.0
      },
      "slack_rel": {
        "mean": 59.05337142944336,
        "median": 8.056737899780273,
        "p95": 59.39284896850586,
        "p99": 280.9033203125
      },
      "violations": 0,
      "fixed_topk_vs_bound_screen": {
        "positionwise_equal_frac": 0.4284006953239441,
        "row_identical_frac": 0.19744873046875,
        "avg_set_overlap_frac": 0.6128438711166382
      },
      "layer_idx": 9
    },
    {
      "ok": true,
      "Lq": 2048,
      "Lk": 2048,
      "Nb": 32,
      "n_cells": 540672,
      "slack_abs": {
        "mean": 68.62904357910156,
        "median": 66.5,
        "p95": 109.0,
        "p99": 124.5,
        "max": 186.0
      },
      "slack_rel": {
        "mean": 300.09271240234375,
        "median": 29.230770111083984,
        "p95": 343.4258728027344,
        "p99": 1734.088623046875
      },
      "violations": 0,
      "fixed_topk_vs_bound_screen": {
        "positionwise_equal_frac": 0.4328562617301941,
        "row_identical_frac": 0.20184326171875,
        "avg_set_overlap_frac": 0.6031545400619507
      },
      "layer_idx": 10
    },
    {
      "ok": true,
      "Lq": 2048,
      "Lk": 2048,