{
  "ctx_len": 32768,
  "block_size": 64,
  "top_k": 6,
  "delta": 1.0,
  "n_layers_probed": 28,
  "aggregate": {
    "slack_abs_mean": 43.7662729535784,
    "slack_abs_median": 42.455357142857146,
    "slack_abs_p95": 71.25,
    "slack_rel_mean": 89.66898175648281,
    "slack_rel_median": 9.48123048884528,
    "slack_rel_p95": 114.49811104365757,
    "bound_vs_topk_row_identical_mean": 0.014104843139648438,
    "bound_vs_topk_set_overlap_mean": 0.3683198552046503,
    "total_violations": 0
  },
  "per_layer": [
    {
      "ok": true,
      "Lq": 32768,
      "Lk": 32768,
      "Nb": 512,
      "n_cells": 134479872,
      "slack_abs": {
        "mean": 307.21026611328125,
        "median": 312.0,
        "p95": 536.0,
        "p99": 624.0,
        "max": 792.0
      },
      "slack_rel": {
        "mean": 603.3926391601562,
        "median": 61.33333206176758,
        "p95": 855.6712036132812,
        "p99": 4256.62744140625
      },
      "violations": 0,
      "fixed_topk_vs_bound_screen": {
        "positionwise_equal_frac": 0.05523649975657463,
        "row_identical_frac": 0.011964797973632812,
        "avg_set_overlap_frac": 0.175140380859375
      },
      "layer_idx": 0
    },
    {
      "ok": true,
      "Lq": 32768,
      "Lk": 32768,
      "Nb": 512,
      "n_cells": 134479872,
      "slack_abs": {
        "mean": 50.24591827392578,
        "median": 49.75,
        "p95": 70.0,
        "p99": 78.5,
        "max": 96.0
      },
      "slack_rel": {
        "mean": 122.84898376464844,
        "median": 12.89411735534668,
        "p95": 139.4626922607422,
        "p99": 698.7294311523438
      },
      "violations": 0,
      "fixed_topk_vs_bound_screen": {
        "positionwise_equal_frac": 0.2078765332698822,
        "row_identical_frac": 0.014354705810546875,
        "avg_set_overlap_frac": 0.42721623182296753
      },
      "layer_idx": 1
    },
    {
      "ok": true,
      "Lq": 32768,
      "Lk": 32768,
      "Nb": 512,
      "n_cells": 134479872,
      "slack_abs": {
        "mean": 65.39785766601562,
        "median": 62.5,
        "p95": 100.5,
        "p99": 113.0,
        "max": 208.0
      },
      "slack_rel": {
        "mean": 180.5487060546875,
        "median": 17.066667556762695,
        "p95": 232.24742126464844,
        "p99": 1163.1844482421875
      },
      "violations": 0,
      "fixed_topk_vs_bound_screen": {
        "positionwise_equal_frac": 0.2180856168270111,
        "row_identical_frac": 0.015192031860351562,
        "avg_set_overlap_frac": 0.40698879957199097
      },
      "layer_idx": 2
    },
    {
      "ok": true,
      "Lq": 32768,
      "Lk": 32768,
      "Nb": 512,
      "n_cells": 134479872,
      "slack_abs": {
        "mean": 46.6684455871582,
        "median": 41.0,
        "p95": 77.5,
        "p99": 85.5,
        "max": 205.0
      },
      "slack_rel": {
        "mean": 34.818450927734375,
        "median": 5.415384769439697,
        "p95": 42.010257720947266,
        "p99": 200.30125427246094
      },
      "violations": 0,
      "fixed_topk_vs_bound_screen": {
        "positionwise_equal_frac": 0.16760191321372986,
        "row_identical_frac": 0.01230621337890625,
        "avg_set_overlap_frac": 0.34860771894454956
      },
      "layer_idx": 3
    },
    {
      "ok": true,
      "Lq": 32768,
      "Lk": 32768,
      "Nb": 512,
      "n_cells": 134479872,
      "slack_abs": {
        "mean": 49.70262145996094,
        "median": 47.25,
        "p95": 79.0,
        "p99": 90.5,
        "max": 155.0
      },
      "slack_rel": {
        "mean": 60.246551513671875,
        "median": 7.05084753036499,
        "p95": 84.16438293457031,
        "p99": 416.692626953125
      },
      "violations": 0,
      "fixed_topk_vs_bound_screen": {
        "positionwise_equal_frac": 0.24097728729248047,
        "row_identical_frac": 0.013723373413085938,
        "avg_set_overlap_frac": 0.3975293040275574
      },
      "layer_idx": 4
    },
    {
      "ok": true,
      "Lq": 32768,
      "Lk": 32768,
      "Nb": 512,
      "n_cells": 134479872,
      "slack_abs": {
        "mean": 57.8592414855957,
        "median": 55.25,
        "p95": 99.5,
        "p99": 116.5,
        "max": 408.0
      },
      "slack_rel": {
        "mean": 73.163818359375,
        "median": 6.4285712242126465,
        "p95": 79.20442199707031,
        "p99": 400.10595703125
      },
      "violations": 0,
      "fixed_topk_vs_bound_screen": {
        "positionwise_equal_frac": 0.2625398635864258,
        "row_identical_frac": 0.013238906860351562,
        "avg_set_overlap_frac": 0.48509183526039124
      },
      "layer_idx": 5
    },
    {
      "ok": true,
      "Lq": 32768,
      "Lk": 32768,
      "Nb": 512,
      "n_cells": 134479872,
      "slack_abs": {
        "mean": 49.12127685546875,
        "median": 43.0,
        "p95": 99.5,
        "p99": 112.0,
        "max": 152.0
      },
      "slack_rel": {
        "mean": 39.55491638183594,
        "median": 5.755395889282227,
        "p95": 49.68036651611328,
        "p99": 250.93069458007812
      },
      "violations": 0,
      "fixed_topk_vs_bound_screen": {
        "positionwise_equal_frac": 0.1762908399105072,
        "row_identical_frac": 0.012804031372070312,
        "avg_set_overlap_frac": 0.362682044506073
      },
      "layer_idx": 6
    },
    {
      "ok": true,
      "Lq": 32768,
      "Lk": 32768,
      "Nb": 512,
      "n_cells": 134479872,
      "slack_abs": {
        "mean": 34.112640380859375,
        "median": 33.25,
        "p95": 46.5,
        "p99": 51.25,
        "max": 154.0
      },
      "slack_rel": {
        "mean": 45.592838287353516,
        "median": 4.674897193908691,
        "p95": 52.79096221923828,
        "p99": 264.9510498046875
      },
      "violations": 0,
      "fixed_topk_vs_bound_screen": {
        "positionwise_equal_frac": 0.2257639616727829,
        "row_identical_frac": 0.012737274169921875,
        "avg_set_overlap_frac": 0.46379125118255615
      },
      "layer_idx": 7
    },
    {
      "ok": true,
      "Lq": 32768,
      "Lk": 32768,
      "Nb": 512,
      "n_cells": 134479872,
      "slack_abs": {
        "mean": 27.390625,
        "median": 26.75,
        "p95": 41.25,
        "p99": 46.25,
        "max": 65.5
      },
      "slack_rel": {
        "mean": 91.13313293457031,
        "median": 8.86486530303955,
        "p95": 118.47933959960938,
        "p99": 592.2388305664062
      },
      "violations": 0,
      "fixed_topk_vs_bound_screen": {
        "positionwise_equal_frac": 0.12679895758628845,
        "row_identical_frac": 0.01255035400390625,
        "avg_set_overlap_frac": 0.3582579493522644
      },
      "layer_idx": 8
    },
    {
      "ok": true,
      "Lq": 32768,
      "Lk": 32768,
      "Nb": 512,
      "n_cells": 134479872,
      "slack_abs": {
        "mean": 40.05396270751953,
        "median": 38.0,
        "p95": 64.0,
        "p99": 77.0,
        "max": 127.0
      },
      "slack_rel": {
        "mean": 77.17193603515625,
        "median": 8.853333473205566,
        "p95": 110.4175796508789,
        "p99": 557.8507690429688
      },
      "violations": 0,
      "fixed_topk_vs_bound_screen": {
        "positionwise_equal_frac": 0.09055900573730469,
        "row_identical_frac": 0.012340545654296875,
        "avg_set_overlap_frac": 0.2602485120296478
      },
      "layer_idx": 9
    },
    {
      "ok": true,
      "Lq": 32768,
      "Lk": 32768,
      "Nb": 512,
      "n_cells": 134479872,
      "slack_abs": {
        "mean": 60.57586669921875,
        "median": 58.5,
        "p95": 97.0,
        "p99": 112.0,
        "max": 180.0
      },
      "slack_rel": {
        "mean": 110.4965591430664,
        "median": 12.756756782531738,
        "p95": 126.18439483642578,
        "p99": 624.8135375976562
      },
      "violations": 0,
      "fixed_topk_vs_bound_screen": {
        "positionwise_equal_frac": 0.0680643767118454,
        "row_identical_frac": 0.012615203857421875,