{
  "ctx_len": 8192,
  "block_size": 64,
  "top_k": 6,
  "delta": 1.0,
  "n_layers_probed": 28,
  "aggregate": {
    "slack_abs_mean": 45.076739174979075,
    "slack_abs_median": 43.55357142857143,
    "slack_abs_p95": 73.37946428571429,
    "slack_rel_mean": 107.37016589300973,
    "slack_rel_median": 11.426603751523155,
    "slack_rel_p95": 127.83230897358486,
    "bound_vs_topk_row_identical_mean": 0.05339595249720982,
    "bound_vs_topk_set_overlap_mean": 0.44873870270592825,
    "total_violations": 0
  },
  "per_layer": [
    {
      "ok": true,
      "Lq": 8192,
      "Lk": 8192,
      "Nb": 128,
      "n_cells": 8454144,
      "slack_abs": {
        "mean": 310.28271484375,
        "median": 314.0,
        "p95": 540.0,
        "p99": 628.0,
        "max": 796.0
      },
      "slack_rel": {
        "mean": 810.7803344726562,
        "median": 90.0465087890625,
        "p95": 972.7999877929688,
        "p99": 4782.24072265625
      },
      "violations": 0,
      "fixed_topk_vs_bound_screen": {
        "positionwise_equal_frac": 0.11191177368164062,
        "row_identical_frac": 0.04785919189453125,
        "avg_set_overlap_frac": 0.27564114332199097
      },
      "layer_idx": 0
    },
    {
      "ok": true,
      "Lq": 8192,
      "Lk": 8192,
      "Nb": 128,
      "n_cells": 8454144,
      "slack_abs": {
        "mean": 49.90913772583008,
        "median": 49.25,
        "p95": 70.0,
        "p99": 78.5,
        "max": 100.5
      },
      "slack_rel": {
        "mean": 88.97169494628906,
        "median": 10.772276878356934,
        "p95": 107.6244888305664,
        "p99": 536.6746826171875
      },
      "violations": 0,
      "fixed_topk_vs_bound_screen": {
        "positionwise_equal_frac": 0.25446829199790955,
        "row_identical_frac": 0.05048370361328125,
        "avg_set_overlap_frac": 0.47985589504241943
      },
      "layer_idx": 1
    },
    {
      "ok": true,
      "Lq": 8192,
      "Lk": 8192,
      "Nb": 128,
      "n_cells": 8454144,
      "slack_abs": {
        "mean": 66.20838165283203,
        "median": 63.0,
        "p95": 102.5,
        "p99": 115.0,
        "max": 211.0
      },
      "slack_rel": {
        "mean": 151.9713592529297,
        "median": 16.562814712524414,
        "p95": 175.32772827148438,
        "p99": 866.9656982421875
      },
      "violations": 0,
      "fixed_topk_vs_bound_screen": {
        "positionwise_equal_frac": 0.23954519629478455,
        "row_identical_frac": 0.049560546875,
        "avg_set_overlap_frac": 0.4262237846851349
      },
      "layer_idx": 2
    },
    {
      "ok": true,
      "Lq": 8192,
      "Lk": 8192,
      "Nb": 128,
      "n_cells": 8454144,
      "slack_abs": {
        "mean": 49.85951232910156,
        "median": 42.75,
        "p95": 84.0,
        "p99": 95.0,
        "max": 232.0
      },
      "slack_rel": {
        "mean": 63.49596405029297,
        "median": 9.57575798034668,
        "p95": 87.31783294677734,
        "p99": 431.3043518066406
      },
      "violations": 0,
      "fixed_topk_vs_bound_screen": {
        "positionwise_equal_frac": 0.21760177612304688,
        "row_identical_frac": 0.049224853515625,
        "avg_set_overlap_frac": 0.39434051513671875
      },
      "layer_idx": 3
    },
    {
      "ok": true,
      "Lq": 8192,
      "Lk": 8192,
      "Nb": 128,
      "n_cells": 8454144,
      "slack_abs": {
        "mean": 51.66823196411133,
        "median": 48.75,
        "p95": 83.5,
        "p99": 98.0,
        "max": 169.0
      },
      "slack_rel": {
        "mean": 99.60365295410156,
        "median": 10.650602340698242,
        "p95": 108.30769348144531,
        "p99": 533.7080078125
      },
      "violations": 0,
      "fixed_topk_vs_bound_screen": {
        "positionwise_equal_frac": 0.2942555844783783,
        "row_identical_frac": 0.054718017578125,
        "avg_set_overlap_frac": 0.4521777033805847
      },
      "layer_idx": 4
    },
    {
      "ok": true,
      "Lq": 8192,
      "Lk": 8192,
      "Nb": 128,
      "n_cells": 8454144,
      "slack_abs": {
        "mean": 66.4030990600586,
        "median": 61.75,
        "p95": 119.5,
        "p99": 163.0,
        "max": 408.0
      },
      "slack_rel": {
        "mean": 109.31492614746094,
        "median": 12.222222328186035,
        "p95": 106.66666412353516,
        "p99": 509.6832580566406
      },
      "violations": 0,
      "fixed_topk_vs_bound_screen": {
        "positionwise_equal_frac": 0.28702419996261597,
        "row_identical_frac": 0.0529022216796875,
        "avg_set_overlap_frac": 0.48923495411872864
      },
      "layer_idx": 5
    },
    {
      "ok": true,
      "Lq": 8192,
      "Lk": 8192,
      "Nb": 128,
      "n_cells": 8454144,
      "slack_abs": {
        "mean": 50.629207611083984,
        "median": 44.5,
        "p95": 99.0,
        "p99": 111.0,
        "max": 168.0
      },
      "slack_rel": {
        "mean": 84.44393157958984,
        "median": 6.297297477722168,
        "p95": 77.97068786621094,
        "p99": 394.53466796875
      },
      "violations": 0,
      "fixed_topk_vs_bound_screen": {
        "positionwise_equal_frac": 0.25032806396484375,
        "row_identical_frac": 0.05118560791015625,
        "avg_set_overlap_frac": 0.4542071223258972
      },
      "layer_idx": 6
    },
    {
      "ok": true,
      "Lq": 8192,
      "Lk": 8192,
      "Nb": 128,
      "n_cells": 8454144,
      "slack_abs": {
        "mean": 35.885536193847656,
        "median": 34.75,
        "p95": 48.75,
        "p99": 63.5,
        "max": 159.0
      },
      "slack_rel": {
        "mean": 70.08325958251953,
        "median": 7.6875,
        "p95": 84.42552947998047,
        "p99": 421.6470642089844
      },
      "violations": 0,
      "fixed_topk_vs_bound_screen": {
        "positionwise_equal_frac": 0.25044378638267517,
        "row_identical_frac": 0.05094146728515625,
        "avg_set_overlap_frac": 0.47467041015625
      },
      "layer_idx": 7
    },
    {
      "ok": true,
      "Lq": 8192,
      "Lk": 8192,
      "Nb": 128,
      "n_cells": 8454144,
      "slack_abs": {
        "mean": 28.88418960571289,
        "median": 28.875,
        "p95": 43.0,
        "p99": 47.25,
        "max": 68.0
      },
      "slack_rel": {
        "mean": 121.29634094238281,
        "median": 9.972092628479004,
        "p95": 141.5757598876953,
        "p99": 711.5932006835938
      },
      "violations": 0,
      "fixed_topk_vs_bound_screen": {
        "positionwise_equal_frac": 0.19558334350585938,
        "row_identical_frac": 0.050140380859375,
        "avg_set_overlap_frac": 0.39064154028892517
      },
      "layer_idx": 8
    },
    {
      "ok": true,
      "Lq": 8192,
      "Lk": 8192,
      "Nb": 128,
      "n_cells": 8454144,
      "slack_abs": {
        "mean": 41.74202346801758,
        "median": 39.25,
        "p95": 68.0,
        "p99": 82.0,
        "max": 143.0
      },
      "slack_rel": {
        "mean": 98.49761199951172,
        "median": 9.415637969970703,
        "p95": 132.59487915039062,
        "p99": 673.3150634765625
      },
      "violations": 0,
      "fixed_topk_vs_bound_screen": {
        "positionwise_equal_frac": 0.17620086669921875,
        "row_identical_frac": 0.0493621826171875,
        "avg_set_overlap_frac": 0.3497975766658783
      },
      "layer_idx": 9
    },
    {
      "ok": true,
      "Lq": 8192,
      "Lk": 8192,
      "Nb": 128,
      "n_cells": 8454144,
      "slack_abs": {
        "mean": 66.04953002929688,
        "median": 64.5,
        "p95": 103.5,
        "p99": 117.5,
        "max": 186.0
      },
      "slack_rel": {
        "mean": 223.32861328125,
        "median": 22.653465270996094,
        "p95": 246.69090270996094,
        "p99": 1238.8251953125
      },
      "violations": 0,
      "fixed_topk_vs_bound_screen": {
        "positionwise_equal_frac": 0.16561508178710938,
        "row_identical_frac": 0.0504608154296875,
        "avg_set_overlap_frac": 0.30786386132240295
      },